"","CHROM","GENPOS","ID","ALLELE0","ALLELE1","A1FREQ","INFO","N","TEST","BETA","SE","CHISQ","LOG10P","EXTRA","P_LINREG"
"1",1,24948846,"rs77952446","G","A",0.0385024,0.93984,462927,"ADD",-0.325338,0.0746648,18.9862,4.88052,NA,1.31667927600396e-05
"2",2,32329679,"rs11893998","C","T",0.0172805,0.984211,462927,"ADD",0.491328,0.107995,20.6983,5.26952,NA,5.37625673974908e-06
"3",3,126771830,"rs146549218","C","T",0.0114254,0.789775,462927,"ADD",0.641194,0.14692,19.0466,4.89427,NA,1.27564549601459e-05
"4",4,101552972,"rs4280737","A","T",0.404889,0.996581,462927,"ADD",-0.115236,0.0283722,16.4965,4.31211,NA,4.87405022398557e-05
"5",5,85552260,"rs149751733","G","A",0.0114876,0.98378,462927,"ADD",-0.552873,0.129869,18.1234,4.68395,NA,2.07037969634167e-05
"6",6,38978596,"rs71307468","CGTATGTAT","C",0.346505,0.888692,462927,"ADD",0.132962,0.0310429,18.3455,4.73459,NA,1.8425106210301e-05
"7",7,55426246,"rs10275002","T","C",0.433666,0.989214,462927,"ADD",-0.126405,0.0282715,19.9906,5.1089,NA,7.78215721203162e-06
"8",8,52967749,"rs268929","A","G",0.385105,0.987772,462927,"ADD",-0.128158,0.0288279,19.7635,5.0573,NA,8.76395219629877e-06
"9",9,15096789,"rs35442945","C","G",0.0828947,0.998497,462927,"ADD",-0.2135,0.0505536,17.8358,4.61833,NA,2.40807495015789e-05
"10",10,128184565,"rs10901620","G","A",0.155466,0.98421,462927,"ADD",0.158123,0.0387163,16.6803,4.3542,NA,4.42384599808886e-05
"11",11,2974188,"rs3059005","C","CTT",0.500128,0.998667,462927,"ADD",-0.130159,0.0278269,21.8784,5.53688,NA,2.90482517644472e-06
"12",12,92648730,"rs115178071","C","T",0.0732208,0.994159,462927,"ADD",-0.227406,0.053419,18.1222,4.68367,NA,2.07171494984947e-05
"13",13,67412121,"rs150242367","T","C",0.00536992,0.856992,462927,"ADD",-0.801738,0.203027,15.5939,4.1051,NA,7.85054848237996e-05
"14",14,25561456,"rs1958388","A","G",0.926337,0.932224,462927,"ADD",-0.217703,0.0555048,15.3839,4.05684,NA,8.77323979710757e-05
"15",15,101880221,"15:101880221_CAAT_C","CAAT","C",0.00433868,0.911322,462927,"ADD",0.880498,0.222676,15.6354,4.11461,NA,7.68050895761059e-05
"16",16,79313818,"rs554588081","G","A",0.00361266,0.927769,462927,"ADD",0.975105,0.239065,16.6369,4.34426,NA,4.52626523892359e-05
"17",17,52225438,"rs62069632","G","T",0.0248936,0.963243,462927,"ADD",0.378437,0.091068,17.2685,4.48876,NA,3.24518903579717e-05
"18",18,48634056,"rs557702426","C","T",0.00694544,0.914107,462927,"ADD",-0.714256,0.176604,16.357,4.28016,NA,5.24614149647541e-05
"19",19,32460790,"rs2075411","G","A",0.391264,0.993977,462927,"ADD",0.113721,0.0286846,15.7176,4.13351,NA,7.35343063380703e-05
"20",20,12980432,"20:12980432_TC_T","TC","T",0.00736366,0.887375,462927,"ADD",0.670979,0.173965,14.8763,3.94007,NA,0.000114796857591126
"21",21,20566589,"rs11702187","A","G",0.33271,0.994434,462927,"ADD",0.134378,0.0296354,20.5606,5.23828,NA,5.7772345523265e-06
"22",22,23646391,"rs539823687","T","C",0.00392537,0.935869,462927,"ADD",-0.858395,0.229178,14.0291,3.74472,NA,0.000180003106401537
